,original,reconstruction
0,O=C(N1CC(CCCC)CCCCCC)/C(C2=CC=C(C(SC(/C=C(C3=O)/C(C4=CC=CC=C34)=C(C#N)\C#N)=C5)=C5CC(CCCC)CCCCCC)C=C12)=C6C7=CC=C(C(SC(/C=C(C8=O)/C(C9=CC=CC=C89)=C(C#N)\C#N)=C%10)=C%10CC(CCCC)CCCCCC)C=C7N(CC(CCCC)CCCCCC)C\6=O,CCCCCCC(CCCC)Cc1cc(C=C2C(=O)c3ccccc3C2=C(C#N)C#N)sc1-c1ccc2c(c1)N(CC(CCCC)CCCCCC)C(=O)C2=C1C(=O)N(CC(CCCC)CCCCCC)c2cc(-c3sc(C=C4C(=O)c5ccccc5C4=C(C#N)C#N)cc3CC(C)CCCC)ccc21
1,CCCCCCCCC1=C2C(C(C3=CC=C(CCCCCC)C=C3)(C4=CC=C(CCCCCC)C=C4)C5=C6SC(/C=C(C7=O)\C(C8=CC(Cl)=C(Cl)C=C78)C(C#N)C#N)=C5)=C6SC2=C(CCCCCCCC)C9=C1SC%10=C9C(C%11=CC=C(CCCCCC)C=C%11)(C%12=CC=C(CCCCCC)C=C%12)C%13=C%10SC(/C=C(C%14=O)/C(C%15=CC(Cl)=C(Cl)C=C%14%15)=C(C#N)/C#N)=C%13,CCCCCCCCc1c2sc3c(c2c(CCCCCCCC)c2sc4c(c12)C(c1ccc(CCCCCC)cc1)(c1ccc(CCCCCC)cc1)c1cc(C=C2C(=O)c5cc(Cl)ccc5C2=C(C#N)C#N)sc1-4)C(c1ccc(CCCCCC)cc1)(c1ccc(CCCCCC)cc1)c1cc(C=C2C(=O)c4cc(Cl)c(Cl)cc4C2C(C#N)C#N)sc1-3
2,CCCCCCC1=CC=C(C2(C3=CC=C(CCCCCC)C=C3)C4=CC(C(SC(C5=CC(C6(CCCCCCCC)CCCCCCCC)=C(C7=C6C=C(/C=C(C8=O)/C(C9=CC(Cl)=C(Cl)C=C89)=C(C#N)/C#N)S7)S5)=C%10)=C%10C%11(C%12=CC=C(CCCCCC)C=C%12)C%13=CC=C(CCCCCC)C=C%13)=C%11C=C4C%14=C2C=C(C%15=CC(C%16(CCCCCCCC)CCCCCCCC)=C(C%17=C%16C=C(/C=C(C%18=O)/C(C%19=CC(Cl)=C(Cl)C=C%18%19)=C(C#N)\C#N)S%17)S%15)S%14)C=C1,CCCCCCCCC1(CCCCCCCC)c2cc(C=C3C(=O)c4cc(Cl)ccc4C3=C(C#N)C#N)sc2-c2sc(-c3cc4c(s3)-c3cc5c(cc3C4(c3ccc(CCCCCC)cc3)c3ccc(CCCCCC)cc3)-c3sc(-c4cc6c(s4)-c4sc(C=C7C(=O)CCC7=C(C#N)C#N)cc4C6)cc3C5(c3ccc(CCCCCC)cc3)c3ccc(CCCCCC)cc3)cc21
3,CCCCCCC1=CC=C(C2(C3=CC=C(CCCCCC)C=C3)C4=CC(C(SC(C5=CC(C6(CCCCCCCC)CCCCCCCC)=C(C7=C6C=C(/C=C(C8=O)/C(C9=CC(Cl)=C(Cl)C=C89)=C(C#N)/C#N)S7)S5)=C%10)=C%10C%11(C%12=CC=C(CCCCCC)C=C%12)C%13=CC=C(CCCCCC)C=C%13)=C%11C=C4C%14=C2C=C(C%15=CC(C%16(CCCCCCCC)CCCCCCCC)=C(C%17=C%16C=C(/C=C(C%18=O)/C(C%19=CC(Cl)=C(Cl)C=C%18%19)=C(C#N)\C#N)S%17)S%15)S%14)C=C1,CCCCCCCCC1(CCCCCCCC)c2cc(C=C3C(=O)c4cc(Cl)ccc4C3=C(C#N)C#N)sc2-c2sc(-c3cc4c(s3)-c3cc5c(cc3C4(c3ccc(CCCCCC)cc3)c3ccc(CCCCCC)cc3)-c3sc(-c4cc6c(s4)-c4sc(C=C7C(=O)CCC7=C(C#N)C#N)cc4C6)cc3C5(c3ccc(CCCCCC)cc3)c3ccc(CCCCCC)cc3)cc21
4,O=C1C(/C(C2=CSC=C12)=C(C#N)\C#N)=C/C3=CC(C(C4=CC=C(CCCCCC)C=C4)(C5=CC=C(CCCCCC)C=C5)C6=CC7=C(C(C8=CC=C(CCCCCC)C=C8)(C9=CC=C(CCCCCC)C=C9)C%10=C7SC(/C=C(C%11=O)/C(C%12=CSC=C%11%12)=C(C#N)\C#N)=C%10)C=C%136)=C%13S3,CCCCCCc1ccc(C2(c3ccc(CCCCCC)cc3)c3cc4c(cc3-c3sc(C=C5C(=O)c6cscc6C5=C(C#N)C#N)cc32)C(c2ccc(CCCCCC)cc2)(c2ccc(CCCCCC)cc2)c2cc(C=C3C(=O)c5cscc5C3=C(C#N)C#N)sc2-4)cc1
5,O=C1C(/C(C2=CSC=C12)=C(C#N)\C#N)=C/C3=CC4=C(C(C(C5=CC=C(CCCCCC)C=C5)(C6=CC=C(CCCCCC)C=C6)C7=CC(C(SC(/C=C(C8=O)/C(C9=CSC=C89)=C(C#N)\C#N)=C%10)=C%10C%11(C%12=CC=C(CCCCCC)C=C%12)C%13=CC=C(CCCCCC)C=C%13)=C%11C=C%147)=C%14S4)S3,CCCCCCc1ccc(C2(c3ccc(CCCCCC)cc3)c3cc4c(cc3-c3sc(C=C5C(=O)c6cscc6C5=C(C#N)C#N)cc32)C(c2ccc(CCCCCC)cc2)(c2ccc(CCCCCC)cc2)c2c-4sc3cc(C=C4C(=O)c5cscc5C4=C(C#N)C#N)sc23)cc1
6,O=C1C(/C(C2=CSC=C12)=C(C#N)\C#N)=C/C3=CC4C(C(C(C5=CC=C(CCCCCC)C=C5)(C6=CC=C(CCCCCC)C=C6)C7=CC(C(SC8=C9SC(/C=C(C%10=O)/C(C%11=CSC=C%10%11)=C(C#N)\C#N)=C8)=C9C%12(C%13=CC=C(CCCCCC)C=C%13)C%14=CC=C(CCCCCC)C=C%14)=C%12C=C%157)=C%15S4)S3,CCCCCCc1ccc(C2(c3ccc(CCCCCC)cc3)C3=C(SC4C=C(C=C5C(=O)c6cscc6C5=C(C#N)C#N)SC34)c3cc4c(cc32)-c2sc3cc(C=C5C(=O)c6cscc6C5=C(C#N)C#N)sc3c2C4(c2ccc(CCCCCC)cc2)c2ccc(CCCCCC)cc2)cc1
7,O=C1C(/C(C2=CSC=C12)=C(C#N)\C#N)=C/C3=CC(C(C4=CC=C(CCCCCC)C=C4)(C5=CC=C(CCCCCC)C=C5)C6=CC7=C(C(C8=CC=C(CCCCCC)C=C8)(C9=CC=C(CCCCCC)C=C9)C%10=C7SC(/C=C(C%11=O)/C(C%12=CSC=C%11%12)=C(C#N)\C#N)=C%10)C=C%136)=C%13S3,CCCCCCc1ccc(C2(c3ccc(CCCCCC)cc3)c3cc4c(cc3-c3sc(C=C5C(=O)c6cscc6C5=C(C#N)C#N)cc32)C(c2ccc(CCCCCC)cc2)(c2ccc(CCCCCC)cc2)c2cc(C=C3C(=O)c5cscc5C3=C(C#N)C#N)sc2-4)cc1
8,O=C1C(/C(C2=CSC=C12)=C(C#N)\C#N)=C/C3=CC4=C(C(C(C5=CC=C(CCCCCC)C=C5)(C6=CC=C(CCCCCC)C=C6)C7=CC(C(SC(/C=C(C8=O)/C(C9=CSC=C89)=C(C#N)\C#N)=C%10)=C%10C%11(C%12=CC=C(CCCCCC)C=C%12)C%13=CC=C(CCCCCC)C=C%13)=C%11C=C%147)=C%14S4)S3,CCCCCCc1ccc(C2(c3ccc(CCCCCC)cc3)c3cc4c(cc3-c3sc(C=C5C(=O)c6cscc6C5=C(C#N)C#N)cc32)C(c2ccc(CCCCCC)cc2)(c2ccc(CCCCCC)cc2)c2c-4sc3cc(C=C4C(=O)c5cscc5C4=C(C#N)C#N)sc23)cc1
9,O=C1C(/C(C2=CSC=C12)=C(C#N)\C#N)=C/C3=CC4C(C(C(C5=CC=C(CCCCCC)C=C5)(C6=CC=C(CCCCCC)C=C6)C7=CC(C(SC8=C9SC(/C=C(C%10=O)/C(C%11=CSC=C%10%11)=C(C#N)\C#N)=C8)=C9C%12(C%13=CC=C(CCCCCC)C=C%13)C%14=CC=C(CCCCCC)C=C%14)=C%12C=C%157)=C%15S4)S3,CCCCCCc1ccc(C2(c3ccc(CCCCCC)cc3)C3=C(SC4C=C(C=C5C(=O)c6cscc6C5=C(C#N)C#N)SC34)c3cc4c(cc32)-c2sc3cc(C=C5C(=O)c6cscc6C5=C(C#N)C#N)sc3c2C4(c2ccc(CCCCCC)cc2)c2ccc(CCCCCC)cc2)cc1
10,O=C(C(/C1=C(C#N)/C#N)=C\C2=CC(C(C3=CC=C(CCCCCC)C=C3)(C4=CC=C(CCCCCC)C=C4)C5=C6SC7=C5C(C8=CC=C(CC(CC)CCCC)S8)=C(SC9=C%10C(C%11=CC=C(CCCCCC)C=C%11)(C%12=CC=C(CCCCCC)C=C%12)C%13=C9SC(/C=C%14\C(C(C=CC=C%15)=C%15C%14=O)=C(C#N)\C#N)=C%13)C%10=C7C%16=CC=C(CC(CC)CCCC)S%16)=C6S2)C%17=C1C=CC=C%17,CCCCCCc1ccc(C2(c3ccc(CCCC)cc3)c3cc(C=C4C(=O)C=CC4=C(C#N)C#N)sc3-c3sc4c(-c5ccc(CC(CC)CCCC)s5)c5c6c(sc5c(-c5ccc(CC(CC)CCCC)s5)c4c32)-c2sc(C=C3C(=O)c4ccccc4C3=C(C#N)C#N)cc2C6(c2ccc(CCCCCC)cc2)c2ccc(CCCCCC)cc2)cc1
11,O=C1C(/C(C2=CSC=C12)=C(C#N)\C#N)=C/C3=CC(C(C4=CC=C(CCCCCC)C=C4)(C5=CC=C(CCCCCC)C=C5)C6=CC7=C(C(C8=CC=C(CCCCCC)C=C8)(C9=CC=C(CCCCCC)C=C9)C%10=C7SC(/C=C(C%11=O)/C(C%12=CSC=C%11%12)=C(C#N)\C#N)=C%10)C=C%136)=C%13S3,CCCCCCc1ccc(C2(c3ccc(CCCCCC)cc3)c3cc4c(cc3-c3sc(C=C5C(=O)c6cscc6C5=C(C#N)C#N)cc32)C(c2ccc(CCCCCC)cc2)(c2ccc(CCCCCC)cc2)c2cc(C=C3C(=O)c5cscc5C3=C(C#N)C#N)sc2-4)cc1
12,O=C1C(/C(C2=CSC=C12)=C(C#N)\C#N)=C/C3=CC4C(C(C(C5=CC=C(CCCCCC)C=C5)(C6=CC=C(CCCCCC)C=C6)C7=CC(C(SC8=C9SC(/C=C(C%10=O)/C(C%11=CSC=C%10%11)=C(C#N)\C#N)=C8)=C9C%12(C%13=CC=C(CCCCCC)C=C%13)C%14=CC=C(CCCCCC)C=C%14)=C%12C=C%157)=C%15S4)S3,CCCCCCc1ccc(C2(c3ccc(CCCCCC)cc3)C3=C(SC4C=C(C=C5C(=O)c6cscc6C5=C(C#N)C#N)SC34)c3cc4c(cc32)-c2sc3cc(C=C5C(=O)c6cscc6C5=C(C#N)C#N)sc3c2C4(c2ccc(CCCCCC)cc2)c2ccc(CCCCCC)cc2)cc1
13,O=C1C(/C(C2=CSC=C12)=C(C#N)\C#N)=C/C3=CC4=C(C(C(C5=CC=C(CCCCCC)C=C5)(C6=CC=C(CCCCCC)C=C6)C7=CC(C(SC(/C=C(C8=O)/C(C9=CSC=C89)=C(C#N)\C#N)=C%10)=C%10C%11(C%12=CC=C(CCCCCC)C=C%12)C%13=CC=C(CCCCCC)C=C%13)=C%11C=C%147)=C%14S4)S3,CCCCCCc1ccc(C2(c3ccc(CCCCCC)cc3)c3cc4c(cc3-c3sc(C=C5C(=O)c6cscc6C5=C(C#N)C#N)cc32)C(c2ccc(CCCCCC)cc2)(c2ccc(CCCCCC)cc2)c2c-4sc3cc(C=C4C(=O)c5cscc5C4=C(C#N)C#N)sc23)cc1
14,CCCCCCC1=CC=C(S1)C2(C(S3)=CC=C3CCCCCC)C(C(SC(/C=C(C4=O)/C(C5=CSC=C45)=C(C#N)\C#N)=C6)=C6S7)=C7C8=CC9=C(C(SC(/C=C(C%10=O)/C(C%11=CSC=C%10%11)=C(C#N)\C#N)=C%12)=C%12C9(C(S%13)=CC=C%13CCCCCC)C(S%14)=CC=C%14CCCCCC)C=C28,CCCCCCc1ccc(C2(c3ccc(CCCCCC)s3)c3cc4c(cc3-c3sc(C=C5C(=O)c6cscc6C5=C(C#N)C#N)cc32)C(c2ccc(CCCCCC)s2)(c2ccc(CCCCCC)s2)c2c-4sc3cc(C=C4C(=O)c5cscc5C4=C(C#N)C#N)sc23)s1
15,CCCCCCC1=CC=C(C=C1)C2(C(C=C3)=CC=C3CCCCCC)C(C(SC(/C=C(C4=O)/C(C5=CC=CC=C45)=C(C#N)\C#N)=C6)=C6S7)=C7C8=CC9=C(C(SC(/C=C(C%10=O)/C(C%11=CC=CC=C%10%11)=C(C#N)\C#N)=C%12)=C%12C9(C(C=C%13)=CC=C%13CCCCCC)C(C=C%14)=CC=C%14CCCCCC)C=C28,CCCCCCc1ccc(C2(c3ccc(CCCCCC)cc3)c3cc4c(cc3-c3sc(C=C5C(=O)c6ccccc6C5=C(C#N)C#N)cc32)C(c2ccc(CCCCCC)cc2)(c2ccc(CCCCCC)cc2)c2c-4sc3cc(C=C4C(=O)c5ccccc5C4=C(C#N)C#N)sc23)cc1
16,O=C1C(/C(C2=CC(Cl)=C(Cl)C=C12)=C(C#N)/C#N)=C/C3=CC(C(C4=CC=C(CCCCCC)C=C4)(C5=CC=C(CCCCCC)C=C5)C6=C7SC8=C(C9=CC=C(CC(CC)CCCC)S9)C%10=C(SC%11=C%10C(C%12=CC=C(CCCCCC)C=C%12)(C%13=CC=C(CCCCCC)C=C%13)C%14=C%11SC(/C=C(C%15=O)/C(C%16=CC(Cl)=C(Cl)C=C%15%16)=C(C#N)/C#N)=C%14)C(C%17=CC=C(CC(CC)CCCC)S%17)=C68)=C7S3,CCCCCCc1ccc(C2(c3ccc(CC)cc3)c3cc(C=C4C(=O)CCC4=C(C#N)C#N)sc3-c3sc4c(-c5ccc(CC(CC)CCCC)s5)c5c6c(sc5c(-c5ccc(CC(CC)CCCC)s5)c4c32)-c2sc(C=C3C(=O)c4cc(Cl)ccc4C3=C(C#N)C#N)cc2C6(c2ccc(CCCCCC)cc2)c2ccc(CCCCCC)cc2)cc1
17,O=C1C(/C(C2=CC(Cl)=C(Cl)C=C12)=C(C#N)/C#N)=C/C3=CC(C(C4=CC=C(CCCCCC)C=C4)(C5=CC=C(CCCCCC)C=C5)C6=C7SC8=C(C9=CC(F)=C(CC(CC)CCCC)S9)C%10=C(SC%11=C%10C(C%12=CC=C(CCCCCC)C=C%12)(C%13=CC=C(CCCCCC)C=C%13)C%14=C%11SC(/C=C(C%15=O)/C(C%16=CC(Cl)=C(Cl)C=C%15%16)=C(C#N)/C#N)=C%14)C(C%17=CC(F)=C(CC(CC)CCCC)S%17)=C68)=C7S3,CCCCCCc1ccc(C2c3cc(C=C4C(=O)CCC4=C(C#N)C#N)sc3-c3sc4c(-c5cc(F)c(CC(CC)CCCC)s5)c5c6c(sc5c(-c5cc(F)c(CC(CC)CCCC)s5)c4c32)-c2sc(C=C3C(=O)c4cc(Cl)ccc4C3=C(C#N)C#N)cc2C6(c2ccc(CCCCCC)cc2)c2ccc(CCCCCC)cc2)cc1
18,O=C1C(/C(C2=CC(Cl)=C(Cl)C=C12)=C(C#N)\C#N)=C/C3=CC(C(C4=CC=C(CCCCCC)C=C4)(C5=CC=C(CCCCCC)C=C5)C6=C7SC8=C(C9=CC(Cl)=C(CC(CC)CCCC)S9)C%10=C(SC%11=C%10C(C%12=CC=C(CCCCCC)C=C%12)(C%13=CC=C(CCCCCC)C=C%13)C%14=C%11SC(/C=C(C%15=O)/C(C%16=CC(Cl)=C(Cl)C=C%15%16)=C(C#N)/C#N)=C%14)C(C%17=CC(Cl)=C(CC(CC)CCCC)S%17)=C68)=C7S3,CCCCCCc1ccc(C2c3cc(C=C4C(=O)CCC4=C(C#N)C#N)sc3-c3sc4c(-c5cc(Cl)c(CC(CC)CCCC)s5)c5c6c(sc5c(-c5cc(Cl)c(CC(CC)CCCC)s5)c4c32)-c2sc(C=C3C(=O)c4cc(Cl)ccc4C3=C(C#N)C#N)cc2C6(c2ccc(CCCCCC)cc2)c2ccc(CCCCCC)cc2)cc1
19,O=C(N1CC(CCCC)CCCCCC)/C(C2=CC=C(C(SC(/C=C(C3=O)/C(C4=CC=CC=C34)=C(C#N)\C#N)=C5)=C5CC(CCCC)CCCCCC)C=C12)=C6C7=CC=C(C(SC(/C=C(C8=O)/C(C9=CC=CC=C89)=C(C#N)\C#N)=C%10)=C%10CC(CCCC)CCCCCC)C=C7N(CC(CCCC)CCCCCC)C\6=O,CCCCCCC(CCCC)Cc1cc(C=C2C(=O)c3ccccc3C2=C(C#N)C#N)sc1-c1ccc2c(c1)N(CC(CCCC)CCCCCC)C(=O)C2=C1C(=O)N(CC(CCCC)CCCCCC)c2cc(-c3sc(C=C4C(=O)c5ccccc5C4=C(C#N)C#N)cc3CC(C)CCCC)ccc21
20,CCC(CCCC)COC1=C2C(C(C3=CC=C(CCCCCC)C=C3)(C4=CC=C(CCCCCC)C=C4)C5=C6SC(/C=C7C8=NC(C#N)=C(C#N)N=C8C9=CC=CC=C\79)=C5)=C6SC2=C(OCC(CC)CCCC)C%10=C1SC%11=C%10C(C%12=CC=C(CCCCCC)C=C%12)(C%13=CC=C(CCCCCC)C=C%13)C%14=C%11SC(/C=C%15C%16=NC(C#N)=C(C#N)N=C%16C%17=CC=CC=C/%15%17)=C%14,CCCCCCc1ccc(C2(c3ccc(CCCCCC)cc3)c3cc(C=C4c5ccccc5-c5nc(C#N)c(C#N)nc54)sc3-c3sc4c(OCC(CC)CCCC)c5c6c(sc5c(OCC(CC)CCCC)c4c32)-c2sc(C=C3c4ccccc4-c4nc(C#N)c(C#N)nc43)cc2C6(c2ccc(CCCCCC)cc2)c2ccc(CCCCCC)cc2)cc1
21,CCC(CCCC)COC1=C2C(C(C3=CC=C(CCCCCC)C=C3)(C4=CC=C(CCCCCC)C=C4)C5=C6SC(/C=C(C7=O)\C(C8=CC=CC=C78)=C(C#N)\C#N)=C5)=C6SC2=C(OCC(CC)CCCC)C9=C1SC%10=C9C(C%11=CC=C(CCCCCC)C=C%11)(C%12=CC=C(CCCCCC)C=C%12)C%13=C%10SC(/C=C(C%14=O)/C(C%15=CC=CC=C%14%15)=C(C#N)/C#N)=C%13,CCCCCCc1ccc(C2(c3ccc(CCCCCC)cc3)c3cc(C=C4C(=O)c5ccccc5C4=C(C#N)C#N)sc3-c3sc4c(OCC(CC)CCCC)c5c6c(sc5c(OCC(CC)CCCC)c4c32)-c2sc(C=C3C(=O)c4ccccc4C3=C(C#N)C#N)cc2C6(c2ccc(CCCCCC)cc2)c2ccc(CCCCCC)cc2)cc1
22,C1(C2=C/3C=CC=C2)=CC=CC=C1C3=C4C5=C(C=CC=C5)C6=CC=CC=C6\4,c1ccc2c(c1)C(=C1c3ccccc3-c3ccccc31)c1ccccc1-2
23,COC1=CC=C2C(C3=CC(OC)=CC=C3/C2=C4C5=CC=C(OC)C=C5C6=CC(OC)=CC=C\46)=C1,COc1ccc2c(c1)-c1cc(OC)ccc1C2=C1c2ccc(OC)cc2-c2cc(OC)ccc21
24,CCCCCCCCCCCCCCOC1=CC=C2C(C3=CC(OCCCCCCCCCCCCCC)=CC=C3/C2=C4C5=CC=C(OCCCCCCCCCCCCCC)C=C5C6=CC(OCCCCCCCCCCCCCC)=CC=C\46)=C1,CCCCCCCCCCCCCCOc1ccc2c(c1)-c1cc(OCCCCCCCCCCCCCC)ccc1C2=C1c2ccc(OCCCCCCCCCCCCCC)cc2-c2cc(OCCCCCCCCCCCCCC)ccc21
25,C1(/C2=CC3=CC=CC=C3C=C2C4=CC5=CC=CC=C5C=C14)=C6C7=CC=CC=C7C8=CC=CC=C\68,C=C1c2cc3ccccc3cc2-c2cc3ccccc3cc21
26,COC1=CC=C2C(C3=CC(OC)=CC=C3/C2=C4C5=CC6=CC=CC=C6C=C5C7=CC8=CC=CC=C8C=C\47)=C1,COc1ccc2c(c1)-c1cc(OC)ccc1C2=C1c2cc3ccccc3cc2-c2cc3ccccc3cc21
27,C1(/C2=CC3=CC=CC=C3C=C2C4=C1C=C(C=CC=C5)C5=C4)=C6C7=CC8=CC=CC=C8C=C7C9=C\6C=C(C=CC=C%10)C%10=C9,C=C1c2cc3ccccc3cc2-c2cc3ccccc3cc21
28,COC1=CC=C2C(/C(C3=CC(OC)=CC=C23)=C4C5=CC(OC)=CC=C5C6=CC=C(OC)C=C/46)=C1,COc1ccc2c(c1)-c1cc(OC)ccc1C2=C1c2ccc(OC)cc2-c2cc(OC)ccc21
29,CCC(CCCC)CN1C(C(C(C2=CC=C(CCCCCC)C=C2)(C3=CC=C(CCCCCC)C=C3)C4=CC(C(SC(/C=C(C5=O)/C(C6=CC=CC=C56)=C(C#N)/C#N)=C7)=C7C8(C9=CC=C(CCCCCC)C=C9)C%10=CC=C(CCCCCC)C=C%10)=C8C=C%114)=C%11S%12)=C%12C%13=C1C=C(/C=C(C%14=O)/C(C%15=CC=CC=C%14%15)=C(C#N)\C#N)S%13,CCCCCCc1ccc(C2(c3ccc(CCCCCC)cc3)c3cc4c(cc3-c3sc(C=C5C(=O)c6ccccc6C5=C(C#N)C#N)cc32)C(c2ccc(CCCCCC)cc2)(c2ccc(CCCCCC)cc2)c2c-4sc3c4sc(C=C5C(=O)c6ccccc6C5=C(C#N)C#N)cc4n(CC(CC)CCCC)c23)cc1
30,CCC(CCCC)CN1C(C(C(C2=CC=C(CCCCCC)C=C2)(C3=CC=C(CCCCCC)C=C3)C4=CC(C(SC(/C=C(C5=O)\C(C6=CC=C(Cl)C=C56)=C(C#N)\C#N)=C7)=C7C8(C9=CC=C(CCCCCC)C=C9)C%10=CC=C(CCCCCC)C=C%10)=C8C=C%114)=C%11S%12)=C%12C%13=C1C=C(/C=C(C%14=O)/C(C%15=CC=C(Cl)C=C%14%15)=C(C#N)/C#N)S%13,CCCCCCc1ccc(C2(c3ccc(CCCCCC)cc3)c3cc4c(cc3-c3sc(C=C5C(=O)c6cc(Cl)ccc6C5=C(C#N)C#N)cc32)C(c2ccc(CCCCCC)cc2)(c2ccc(CCCCCC)cc2)c2c-4sc3c4sc(C=C5C(=O)c6cc(Cl)ccc6C5=C(C#N)C#N)cc4n(CC(CC)CCCC)c23)cc1
31,CCC(CCCC)CN1C(C(C(C2=CC=C(CCCCCC)C=C2)(C3=CC=C(CCCCCC)C=C3)C4=CC(C(SC(/C=C(C5=O)/C(C6=CC(Cl)=C(Cl)C=C56)=C(C#N)/C#N)=C7)=C7C8(C9=CC=C(CCCCCC)C=C9)C%10=CC=C(CCCCCC)C=C%10)=C8C=C%114)=C%11S%12)=C%12C%13=C1C=C(/C=C(C%14=O)/C(C%15=CC(Cl)=C(Cl)C=C%14%15)=C(C#N)\C#N)S%13,CCCCCCc1ccc(C2(c3ccc(CCCCCC)cc3)c3cc4c(cc3-c3sc(C=C5C(=O)c6cc(Cl)ccc6C5=C(C#N)C#N)cc32)C(c2ccc(CCCCCC)cc2)(c2ccc(CCCCCC)cc2)c2c-4sc3c4sc(C=C5C(=O)c6cc(Cl)ccc6C5=C(C#N)C#N)cc4n(CC(CC)CCCC)c23)cc1
32,CCCCCCC1=CC=C(C=C1)C(C2=CC(C(SC3=C4SC5=C3C(C=C6C7=O)=C8C9=C5C=C%10C%11=C9C(C%12=CC=C(C(N7C(CCCCC)CCCCC)=O)C6=C%128)=CC=C%11C(N(C%10=O)C(CCCCC)CCCCC)=O)=C4C%13(C%14=CC=C(CCCCCC)C=C%14)C%15=CC=C(CCCCCC)C=C%15)=C%13C=C%162)(C%17=CC=C(CCCCCC)C=C%17)C%18=C%16SC%19=C%18SC%20=C%19C%21=C%22C%23=C(C%24=CC=C%23C%25=CC=C(C%26=O)C%27=C%25C%22=C%20C=C%27C(N%26C(CCCCC)CCCCC)=O)C(C(N(C%24=O)C(CCCCC)CCCCC)=O)=C%21,CCCCCCc1ccc(C2C3=C(CC24c2c(sc5c6c(sc25)-c2cc5c(cc2C6(c2ccc(CCCCCC)cc2)c2ccc(CCCCCC)cc2)C=CC5(c2ccc(CCCCCC)cc2)c2ccc(CCCCCC)cc2)C=CC42C=CC=CC24CC(=O)N(CC(CC)CCCC)C(=O)C4=O)C2SC(C=C4C(=O)c5ccccc5C4=C(C#N)C#N)=CC2S3)cc1
33,O=C1C(/C(C2=CC=CC=C12)=C(C#N)/C#N)=C/C3=CC(C(C4=CC=C(CCCCCC)C=C4)(C5=CC=C(CCCCCC)C=C5)C6=C7SC8=CC9=C(SC%10=C9C(C%11=CC=C(CCCCCC)C=C%11)(C%12=CC=C(CCCCCC)C=C%12)C%13=C%10SC(/C=C(C%14=O)/C(C%15=CC=CC=C%14%15)=C(C#N)/C#N)=C%13)C=C68)=C7S3,CCCCCCc1ccc(C2(c3ccc(CCCCCC)cc3)c3cc(C=C4C(=O)c5ccccc5C4=C(C#N)C#N)sc3-c3sc4cc5c6c(sc5cc4c32)-c2sc(C=C3C(=O)c4ccccc4C3=C(C#N)C#N)cc2C6(c2ccc(CCCCCC)cc2)c2ccc(CCCCCC)cc2)cc1
34,O=C1C(/C(C2=CC=CC=C12)=C(C#N)/C#N)=C/C3=CC(C(C4=CC=C(CCCCCC)C=C4)(C5=CC=C(CCCCCC)C=C5)C6=C7SC8=CC9=C(SC%10=C9C(C%11=CC=C(CCCCCC)C=C%11)(C%12=CC=C(CCCCCC)C=C%12)C%13=C%10SC(/C=C(C%14=O)/C(C%15=CC=CC=C%14%15)=C(C#N)/C#N)=C%13)C=C68)=C7S3,CCCCCCc1ccc(C2(c3ccc(CCCCCC)cc3)c3cc(C=C4C(=O)c5ccccc5C4=C(C#N)C#N)sc3-c3sc4cc5c6c(sc5cc4c32)-c2sc(C=C3C(=O)c4ccccc4C3=C(C#N)C#N)cc2C6(c2ccc(CCCCCC)cc2)c2ccc(CCCCCC)cc2)cc1
35,O=C(N1CC(CC)CCCC)C2=C(C3=CC=C(C4=CC=C(C(N5CC(CC)CCCC)=O)C6=C4C=CC=C6C5=O)S3)C7=NSN=C7C(C8=CC=C(C9=CC=C(C(N%10CC(CC)CCCC)=O)C%11=C9C=CC=C%11C%10=O)S8)=C2C1=O,CCCCCCN(CCCC)c1ccccc1-c1ccc(-c2c3c(c(-c4sc(-c5ccccc5)cc4-c4ccccc4)c4nsnc24)C(=O)N(CC(CC)CCCC)C3=O)s1
36,O=C(N1CC(CC)CCCC)C2=C(C3=CC=C(C4=CC=C(C(N5CC(CC)CCCC)=O)C6=C4C=CC=C6C5=O)S3)C7=NSN=C7C(C8=CC=C(C9=CC=C(C(N%10CC(CC)CCCC)=O)C%11=C9C=CC=C%11C%10=O)S8)=C2C1=O,CCCCCCN(CCCC)c1ccccc1-c1ccc(-c2c3c(c(-c4sc(-c5ccccc5)cc4-c4ccccc4)c4nsnc24)C(=O)N(CC(CC)CCCC)C3=O)s1
37,CCCCCCC1=CC=C(C=C1)C(C2=CC(C(SC3=C4SC5=C3C(C=C6C7=O)=C8C9=C5C=C%10C%11=C9C(C%12=CC=C(C(N7C(CCCCC)CCCCC)=O)C6=C%128)=CC=C%11C(N(C%10=O)C(CCCCC)CCCCC)=O)=C4C%13(C%14=CC=C(CCCCCC)C=C%14)C%15=CC=C(CCCCCC)C=C%15)=C%13C=C%162)(C%17=CC=C(CCCCCC)C=C%17)C%18=C%16SC%19=C%18SC%20=C%19C%21=C%22C%23=C(C%24=CC=C%23C%25=CC=C(C%26=O)C%27=C%25C%22=C%20C=C%27C(N%26C(CCCCC)CCCCC)=O)C(C(N(C%24=O)C(CCCCC)CCCCC)=O)=C%21,CCCCCCc1ccc(C2C3=C(CC24c2c(sc5c6c(sc25)-c2cc5c(cc2C6(c2ccc(CCCCCC)cc2)c2ccc(CCCCCC)cc2)C=CC5(c2ccc(CCCCCC)cc2)c2ccc(CCCCCC)cc2)C=CC42C=CC=CC24CC(=O)N(CC(CC)CCCC)C(=O)C4=O)C2SC(C=C4C(=O)c5ccccc5C4=C(C#N)C#N)=CC2S3)cc1
38,O=C(N1CC(CCCC)CCCCCC)/C(C2=CC=C(C3=C(CC(CCCC)CCCCCC)C=C(/C=C(C4=O)\C(C5=CC=CC=C45)=C(C#N)/C#N)S3)C=C12)=C6C7=CC=C(C8=C(CC(CCCC)CCCCCC)C=C(/C=C(C9=O)/C(C%10=CC=CC=C9%10)=C(C#N)\C#N)S8)C=C7N(CC(CCCC)CCCCCC)C\6=O,CC=C1CCC(=O)C1=Cc1cc(CC(CCCC)CCCCCC)c(-c2ccc3c(c2)N(CC(CCCC)CCCCCC)C(=O)C3=C2C(=O)N(CC(CCCC)CCCCCC)c3cc(-c4sc(C=C5C(=O)c6ccccc6C5=C(C#N)C#N)cc4CC(CCCC)CCCCCC)ccc32)s1
39,O=C(N1CC(CCCC)CCCCCC)/C(C2=CC=C(C(SC(/C=C(C3=O)\C(C4=CC=CC=C34)=C(C#N)\C#N)=C5)=C5OCC(CCCC)CCCCCC)C=C12)=C6C7=CC=C(C(SC(/C=C(C8=O)/C(C9=CC=CC=C89)=C(C#N)\C#N)=C%10)=C%10OCC(CCCC)CCCCCC)C=C7N(CC(CCCC)CCCCCC)C\6=O,CCCCCCOc1cc(C=C2C(=O)c3ccccc3C2=C(C#N)C#N)sc1-c1ccc2c(c1)N(CC(CCCC)CCCCCC)C(=O)C2=C1C(=O)N(CC(CCCC)CCCCCC)c2cc(-c3sc(C=C4C(=O)c5ccccc5C4=C(C#N)C#N)cc3OCC(CCCC)CCCCCC)ccc21
40,CCCCCCC1=CC=C(C2(C3=CC=C(CCCCCC)C=C3)C(C=C(/C=C4C(C5=C(C/4=C(C#N)/C#N)C=CC=C5)=O)S6)=C6C7=CC8=C(C(SC9=C%10SC(/C=C%11/C(C(C=CC=C%12)=C%12C%11=O)=C(C#N)\C#N)=C9)=C%10C8(C%13=CC=C(CCCCCC)C=C%13)C%14=CC=C(CCCCCC)C=C%14)C=C27)C=C1,CCCCCCc1ccc(C2(c3ccc(CCCCCC)cc3)c3cc4c(cc3-c3sc(C=C5C(=O)c6ccccc6C5=C(C#N)C#N)cc32)C(c2ccc(CCCCCC)cc2)(c2ccc(CCCCCC)cc2)c2c-4sc3cc(C=C4C(=O)c5ccccc5C4=C(C#N)C#N)sc23)cc1
41,CCCCCCC1=CC=C(C2(C3=CC=C(CCCCCC)C=C3)C(C=C(/C=C4C(C5=C(C/4=C(C#N)/C#N)C=CC=C5)=O)S6)=C6C7=CC8=C(C(SC9=C%10SC(/C=C%11/C(C(C=CC=C%12)=C%12C%11=O)=C(C#N)\C#N)=C9)=C%10C8(C%13=CC=C(CCCCCC)C=C%13)C%14=CC=C(CCCCCC)C=C%14)C=C27)C=C1,CCCCCCc1ccc(C2(c3ccc(CCCCCC)cc3)c3cc4c(cc3-c3sc(C=C5C(=O)c6ccccc6C5=C(C#N)C#N)cc32)C(c2ccc(CCCCCC)cc2)(c2ccc(CCCCCC)cc2)c2c-4sc3cc(C=C4C(=O)c5ccccc5C4=C(C#N)C#N)sc23)cc1
42,CCCCCCC1=CC=C(C2(C3=CC=C(CCCCCC)C=C3)C(C(SC4=C5SC(/C=C6C(C7=C(C/6=C(C#N)\C#N)C=CC=C7)=O)=C4)=C5S8)=C8C9=CC%10=C(C(SC%11=C%12SC(/C=C%13/C(C(C=CC=C%14)=C%14C%13=O)=C(C#N)\C#N)=C%11)=C%12C%10(C%15=CC=C(CCCCCC)C=C%15)C%16=CC=C(CCCCCC)C=C%16)C=C29)C=C1,CCCCCCc1ccc(C2(c3ccc(CCCCCC)cc3)c3cc4c(cc3-c3sc5cc(C=C6C(=O)c7ccccc7C6=C(C#N)C#N)sc5c32)C(c2ccc(CCCCCC)cc2)(c2ccc(CCCCCC)cc2)c2c-4sc3c2sc2cc(C=C4C(=O)c5ccccc5C4=C(C#N)C#N)sc23)cc1
43,CCCCCCC1=CC=C(C2(C3=CC=C(CCCCCC)C=C3)C(C(SC4=C5SC(/C=C6C(C7=C(C/6=C(C#N)\C#N)C=CC=C7)=O)=C4)=C5S8)=C8C9=CC%10=C(C(SC%11=C%12SC(/C=C%13/C(C(C=CC=C%14)=C%14C%13=O)=C(C#N)\C#N)=C%11)=C%12C%10(C%15=CC=C(CCCCCC)C=C%15)C%16=CC=C(CCCCCC)C=C%16)C=C29)C=C1,CCCCCCc1ccc(C2(c3ccc(CCCCCC)cc3)c3cc4c(cc3-c3sc5cc(C=C6C(=O)c7ccccc7C6=C(C#N)C#N)sc5c32)C(c2ccc(CCCCCC)cc2)(c2ccc(CCCCCC)cc2)c2c-4sc3c2sc2cc(C=C4C(=O)c5ccccc5C4=C(C#N)C#N)sc23)cc1
44,CCCCCCC1=CC=C(C2(C3=CC=C(CCCCCC)C=C3)C4=CC(C(SC(C(SC(/C=C(C5=O)/C(C6=CC(F)=C(F)C=C56)=C(C#N)\C#N)=C7OC)=C7OC)=C8)=C8C9(C%10=CC=C(CCCCCC)C=C%10)C%11=CC=C(CCCCCC)C=C%11)=C9C=C4C%12=C2C=C(C(SC(/C=C(C%13=O)/C(C%14=CC(F)=C(F)C=C%13%14)=C(C#N)/C#N)=C%15OC)=C%15OC)S%12)C=C1,CCCCCCc1ccc(C2(c3ccc(CCCCCC)cc3)c3cc4c(cc3-c3sc(-c5sc(C=C6C(=O)c7cc(F)ccc7C6=C(C#N)C#N)c(OC)c5OC)cc32)C(c2ccc(CCCCCC)cc2)(c2ccc(CCCCCC)cc2)c2cc(-c3sc(C=C5C(=O)c6cc(F)ccc6C5=C(C#N)C#N)c(OC)c3OC)sc2-4)cc1
45,O=C1C(/C(C2=CC(Cl)=C(Cl)C=C12)=C(C#N)/C#N)=C/C3=CC(C(C4=CC=C(CCCCCC)C=C4)(C5=CC=C(CCCCCC)C=C5)C6=C7SC8=C(C9=CC=C(CC(CC)CCCC)S9)C%10=C(SC%11=C%10C(C%12=CC=C(CCCCCC)C=C%12)(C%13=CC=C(CCCCCC)C=C%13)C%14=C%11SC(/C=C(C%15=O)/C(C%16=CC(Cl)=C(Cl)C=C%15%16)=C(C#N)/C#N)=C%14)C(C%17=CC=C(CC(CC)CCCC)S%17)=C68)=C7S3,CCCCCCc1ccc(C2(c3ccc(CC)cc3)c3cc(C=C4C(=O)CCC4=C(C#N)C#N)sc3-c3sc4c(-c5ccc(CC(CC)CCCC)s5)c5c6c(sc5c(-c5ccc(CC(CC)CCCC)s5)c4c32)-c2sc(C=C3C(=O)c4cc(Cl)ccc4C3=C(C#N)C#N)cc2C6(c2ccc(CCCCCC)cc2)c2ccc(CCCCCC)cc2)cc1
46,O=C1C(/C(C2=CC(Cl)=C(Cl)C=C12)=C(C#N)\C#N)=C/C3=CC(C(C4=CC=C(CCCCCC)C=C4)(C5=CC=C(CCCCCC)C=C5)C6=C7SC8=C(C9=CC(F)=C(CC(CC)CCCC)S9)C%10=C(SC%11=C%10C(C%12=CC=C(CCCCCC)C=C%12)(C%13=CC=C(CCCCCC)C=C%13)C%14=C%11SC(/C=C(C%15=O)/C(C%16=CC(Cl)=C(Cl)C=C%15%16)=C(C#N)/C#N)=C%14)C(C%17=CC(F)=C(CC(CC)CCCC)S%17)=C68)=C7S3,CCCCCCc1ccc(C2c3cc(C=C4C(=O)CCC4=C(C#N)C#N)sc3-c3sc4c(-c5cc(F)c(CC(CC)CCCC)s5)c5c6c(sc5c(-c5cc(F)c(CC(CC)CCCC)s5)c4c32)-c2sc(C=C3C(=O)c4cc(Cl)ccc4C3=C(C#N)C#N)cc2C6(c2ccc(CCCCCC)cc2)c2ccc(CCCCCC)cc2)cc1
47,O=C1C(/C(C2=CC(Cl)=C(Cl)C=C12)=C(C#N)\C#N)=C/C3=CC(C(C4=CC=C(CCCCCC)C=C4)(C5=CC=C(CCCCCC)C=C5)C6=C7SC8=C(C9=CC(Cl)=C(CC(CC)CCCC)S9)C%10=C(SC%11=C%10C(C%12=CC=C(CCCCCC)C=C%12)(C%13=CC=C(CCCCCC)C=C%13)C%14=C%11SC(/C=C(C%15=O)/C(C%16=CC(Cl)=C(Cl)C=C%15%16)=C(C#N)/C#N)=C%14)C(C%17=CC(Cl)=C(CC(CC)CCCC)S%17)=C68)=C7S3,CCCCCCc1ccc(C2c3cc(C=C4C(=O)CCC4=C(C#N)C#N)sc3-c3sc4c(-c5cc(Cl)c(CC(CC)CCCC)s5)c5c6c(sc5c(-c5cc(Cl)c(CC(CC)CCCC)s5)c4c32)-c2sc(C=C3C(=O)c4cc(Cl)ccc4C3=C(C#N)C#N)cc2C6(c2ccc(CCCCCC)cc2)c2ccc(CCCCCC)cc2)cc1
48,CCC(CCCC)COC1=C2C(C(C3=CC=C(CCCCCC)C=C3)(C4=CC=C(CCCCCC)C=C4)C5=C6SC(/C=C7C8=NC(C#N)=C(C#N)N=C8C9=CC=CC=C\79)=C5)=C6SC2=C(OCC(CC)CCCC)C%10=C1SC%11=C%10C(C%12=CC=C(CCCCCC)C=C%12)(C%13=CC=C(CCCCCC)C=C%13)C%14=C%11SC(/C=C%15C%16=NC(C#N)=C(C#N)N=C%16C%17=CC=CC=C/%15%17)=C%14,CCCCCCc1ccc(C2(c3ccc(CCCCCC)cc3)c3cc(C=C4c5ccccc5-c5nc(C#N)c(C#N)nc54)sc3-c3sc4c(OCC(CC)CCCC)c5c6c(sc5c(OCC(CC)CCCC)c4c32)-c2sc(C=C3c4ccccc4-c4nc(C#N)c(C#N)nc43)cc2C6(c2ccc(CCCCCC)cc2)c2ccc(CCCCCC)cc2)cc1
49,CCC(CCCC)COC1=C2C(C(C3=CC=C(CCCCCC)C=C3)(C4=CC=C(CCCCCC)C=C4)C5=C6SC(/C=C(C7=O)\C(C8=CC=CC=C78)=C(C#N)\C#N)=C5)=C6SC2=C(OCC(CC)CCCC)C9=C1SC%10=C9C(C%11=CC=C(CCCCCC)C=C%11)(C%12=CC=C(CCCCCC)C=C%12)C%13=C%10SC(/C=C(C%14=O)/C(C%15=CC=CC=C%14%15)=C(C#N)/C#N)=C%13,CCCCCCc1ccc(C2(c3ccc(CCCCCC)cc3)c3cc(C=C4C(=O)c5ccccc5C4=C(C#N)C#N)sc3-c3sc4c(OCC(CC)CCCC)c5c6c(sc5c(OCC(CC)CCCC)c4c32)-c2sc(C=C3C(=O)c4ccccc4C3=C(C#N)C#N)cc2C6(c2ccc(CCCCCC)cc2)c2ccc(CCCCCC)cc2)cc1
50,O=C1C(/C(C2=CSC=C12)=C(C#N)\C#N)=C/C3=CC4=C(C(C(C5=CC=C(CCCCCC)C=C5)(C6=CC=C(CCCCCC)C=C6)C7=CC(C(SC(/C=C(C8=O)/C(C9=CSC=C89)=C(C#N)\C#N)=C%10)=C%10C%11(C%12=CC=C(CCCCCC)C=C%12)C%13=CC=C(CCCCCC)C=C%13)=C%11C=C%147)=C%14S4)S3,CCCCCCc1ccc(C2(c3ccc(CCCCCC)cc3)c3cc4c(cc3-c3sc(C=C5C(=O)c6cscc6C5=C(C#N)C#N)cc32)C(c2ccc(CCCCCC)cc2)(c2ccc(CCCCCC)cc2)c2c-4sc3cc(C=C4C(=O)c5cscc5C4=C(C#N)C#N)sc23)cc1
51,CCCCCCC1=CC=C(C2(C3=CC=C(CCCCCC)S3)C(C(SC(/C=C(C4=O)\C(C5=CSC=C45)=C(C#N)/C#N)=C6)=C6S7)=C7C8=CC9=C(C(SC(/C=C(C%10=O)/C(C%11=CSC=C%10%11)=C(C#N)\C#N)=C%12)=C%12C9(C%13=CC=C(CCCCCC)S%13)C%14=CC=C(CCCCCC)S%14)C=C28)S1,CCCCCCc1ccc(C2(c3ccc(CCCCCC)s3)c3cc4c(cc3-c3sc(C=C5C(=O)c6cscc6C5=C(C#N)C#N)cc32)C(c2ccc(CCCCCC)s2)(c2ccc(CCCCCC)s2)c2c-4sc3cc(C=C4C(=O)c5cscc5C4=C(C#N)C#N)sc23)s1
52,O=C1C(/C(C2=CC=CC=C12)=C(C#N)\C#N)=C/C3=CC4=C(C(C(C5=CC=C(CCCCCC)C=C5)(C6=CC=C(CCCCCC)C=C6)C7=CC(C(SC(/C=C(C8=O)/C(C9=CC=CC=C89)=C(C#N)/C#N)=C%10)=C%10C%11(C%12=CC=C(CCCCCC)C=C%12)C%13=CC=C(CCCCCC)C=C%13)=C%11C=C%147)=C%14S4)S3,CCCCCCc1ccc(C2(c3ccc(CCCCCC)cc3)c3cc4c(cc3-c3sc(C=C5C(=O)c6ccccc6C5=C(C#N)C#N)cc32)C(c2ccc(CCCCCC)cc2)(c2ccc(CCCCCC)cc2)c2c-4sc3cc(C=C4C(=O)c5ccccc5C4=C(C#N)C#N)sc23)cc1
53,CCCCCCCCOC(C(SC(/C=C(C1=O)\C(C2=CC=CC=C12)=C(C#N)/C#N)=C3OCCCCCCCC)=C3S4)=C4C5=CC=C6C(C7(C8=CC(C(SC9=C%10SC(/C=C(C%11=O)/C(C%12=CC=CC=C%11%12)=C(C#N)\C#N)=C9OCCCCCCCC)=C%10OCCCCCCCC)=CC=C68)C%13=CC(C(SC%14=C%15SC(/C=C(C%16=O)\C(C%17=CC=CC=C%16%17)=C(C#N)/C#N)=C%14OCCCCCCCC)=C%15OCCCCCCCC)=CC=C%13C%18=CC=C(C(SC%19=C%20SC(/C=C(C%21=O)/C(C%22=CC=CC=C%21%22)=C(C#N)/C#N)=C%19OCCCCCCCC)=C%20OCCCCCCCC)C=C7%18)=C5,CCCCCCCCOc1c(-c2ccc3c(c2)C2(Cc4ccc(-c5sc6c(OCCCCCCCC)c(C=C7C(=O)c8ccccc8C7=C(C#N)C#N)sc6c5OCCCCCCCC)cc4C2)c2cc(-c4sc5c(OCCCCCCCC)c(C=C6C(=O)c7ccccc7C6=C(C#N)C#N)sc5c4OCCCCCCCC)ccc2-3)sc2ccsc12
54,CCCCCC[Si]1(C(C(SC(C2=C3C=C(/C=C4/C(C(C=CC=C5)=C5C4=O)=C(C#N)/C#N)S2)=C6[Si]3(CCCCCC)CCCCCC)=C6S7)=C7C8=C1C=C(/C=C9/C(C(C=CC=C%10)=C%10C9=O)=C(C#N)/C#N)S8)CCCCCC ,CCCCCC[Si]1(CCCCCC)c2cc(C=C3C(=O)c4ccccc4C3=C(C#N)C#N)sc2-c2sc3c4c(sc3c21)-c1sc(C=C2C(=O)c3ccccc3C2=C(C#N)C#N)cc1[Si]4(CCCCCC)CCCCCC
55,CCCCCCCCC1=C2C(C(C3=CC=C(CCCCCC)C=C3)(C4=CC=C(CCCCCC)C=C4)C5=C6SC(/C=C(C7=O)\C(C8=CC=CC=C78)=C(C#N)/C#N)=C5)=C6SC2=C(CCCCCCCC)C9=C1SC%10=C9C(C%11=CC=C(CCCCCC)C=C%11)(C%12=CC=C(CCCCCC)C=C%12)C%13=C%10SC(/C=C(C%14=O)/C(C%15=CC=CC=C%14%15)=C(C#N)/C#N)=C%13,CCCCCCCCc1c2sc3c(c2c(CCCCCCCC)c2sc4c(c12)C(c1ccc(CCCCCC)cc1)(c1ccc(CCCCCC)cc1)c1cc(C=C2C(=O)c5ccccc5C2=C(C#N)C#N)sc1-4)C(c1ccc(CCCCCC)cc1)(c1ccc(CCCCCC)cc1)c1cc(C=C2C(=O)c4ccccc4C2=C(C#N)C#N)sc1-3
56,CCCCCCOC1=CC=CC(C2(C3=CC(OCCCCCC)=CC=C3)C(C(SC(/C=C(C4=O)\C(C5=CC(Cl)=C(Cl)C=C45)=C(C#N)/C#N)=C6)=C6S7)=C7C8=CC9=C(C(SC%10=C%11SC(/C=C(C%12=O)/C(C%13=CC(Cl)=C(Cl)C=C%12%13)=C(C#N)/C#N)=C%10)=C%11C9(C%14=CC(OCCCCCC)=CC=C%14)C%15=CC(OCCCCCC)=CC=C%15)C=C28)=C1,CCCCCCOc1cccc(C2(c3cccc(OCCCCCC)c3)c3cc4c(cc3-c3sc5cc(C=C6C(=O)c7cc(Cl)ccc7C6=C(C#N)C#N)sc5c32)C(c2cccc(OCCCCCC)c2)(c2cccc(OCCCCCC)c2)c2c-4sc3cc(C=C4C(=O)c5cc(Cl)ccc5C4=C(C#N)C#N)sc23)c1
57,CCCCCCC1=CC=C(C2(C3=CC=C(CCCCCC)C=C3)C(C=C(/C=C4C(C5=C(C/4=C(C#N)/C#N)C=CC=C5)=O)S6)=C6C7=CC8=C(C(SC9=C%10SC(/C=C%11/C(C(C=CC=C%12)=C%12C%11=O)=C(C#N)\C#N)=C9)=C%10C8(C%13=CC=C(CCCCCC)C=C%13)C%14=CC=C(CCCCCC)C=C%14)C=C27)C=C1,CCCCCCc1ccc(C2(c3ccc(CCCCCC)cc3)c3cc4c(cc3-c3sc(C=C5C(=O)c6ccccc6C5=C(C#N)C#N)cc32)C(c2ccc(CCCCCC)cc2)(c2ccc(CCCCCC)cc2)c2c-4sc3cc(C=C4C(=O)c5ccccc5C4=C(C#N)C#N)sc23)cc1
58,CCCCCCC1=CC=C(C2(C3=CC=C(CCCCCC)C=C3)C(C(SC4=C5SC(/C=C6C(C7=C(C/6=C(C#N)\C#N)C=CC=C7)=O)=C4)=C5S8)=C8C9=CC%10=C(C(SC%11=C%12SC(/C=C%13/C(C(C=CC=C%14)=C%14C%13=O)=C(C#N)\C#N)=C%11)=C%12C%10(C%15=CC=C(CCCCCC)C=C%15)C%16=CC=C(CCCCCC)C=C%16)C=C29)C=C1,CCCCCCc1ccc(C2(c3ccc(CCCCCC)cc3)c3cc4c(cc3-c3sc5cc(C=C6C(=O)c7ccccc7C6=C(C#N)C#N)sc5c32)C(c2ccc(CCCCCC)cc2)(c2ccc(CCCCCC)cc2)c2c-4sc3c2sc2cc(C=C4C(=O)c5ccccc5C4=C(C#N)C#N)sc23)cc1
59,CCC(N1C(/C=C/C2=CC=C(/C=C/C3=NC(C#N)=C(C#N)N3C(CC)CCCC)C4=NSN=C24)=NC(C#N)=C1C#N)CCCC,CCCCC(CC)n1c(C=Cc2ccc(C=Cc3nc(C#N)c(C#N)n3C(CC)CCCC)c3nsnc23)nc(C#N)c1C#N
60,O=C1C(/C(C2=CSC(C)=C12)=C(C#N)\C#N)=C\C3=CC(C(C4=CC=C(CCCCCC)C=C4)(C5=CC=C(CCCCCC)C=C5)C6=C7SC8=C(C9=CC=C(CC(CC)CCCC)S9)C%10=C(SC%11=C%10C(C%12=CC=C(CCCCCC)C=C%12)(C%13=CC=C(CCCCCC)C=C%13)C%14=C%11SC(/C=C(C%15=O)\C(C%16=CSC(C)=C%15%16)=C(C#N)\C#N)=C%14)C(C%17=CC=C(CC(CC)CCCC)S%17)=C68)=C7S3,CCCCCCc1ccc(C2(c3ccc(CC)cc3)c3cc(C=C4C(=O)CCC4=C(C#N)C#N)sc3-c3sc4c(-c5ccc(CC(CC)CCCC)s5)c5c6c(sc5c(-c5ccc(CC(CC)CCCC)s5)c4c32)-c2sc(C=C3C(=O)c4c(csc4C)C3=C(C#N)C#N)cc2C6(c2ccc(CCCCCC)cc2)c2ccc(CCCCCC)cc2)cc1
61,CCC(CCCC)COC1=C2C(C(C3=CC=C(CCCCCC)C=C3)(C4=CC=C(CCCCCC)C=C4)C5=C6SC(/C=C(C7=O)/C(C8=CSC(C)=C78)=C(C#N)\C#N)=C5)=C6SC2=C(OCC(CC)CCCC)C9=C1SC%10=C9C(C%11=CC=C(CCCCCC)C=C%11)(C%12=CC=C(CCCCCC)C=C%12)C%13=C%10SC(/C=C(C%14=O)\C(C%15=CSC(C)=C%14%15)=C(C#N)/C#N)=C%13,CCCCCCc1ccc(C2(c3ccc(CCCCC)cc3)c3cc(C=C4C(=O)c5c(csc5C)C4=C(C#N)C#N)sc3-c3sc4c(OCC(CC)CCCC)c5c6c(sc5c(OCC(CC)CCCC)c4c32)-c2sc(C=C3C(=O)c4c(csc4C)C3=C(C#N)C#N)cc2C6(c2ccc(CCCCCC)cc2)c2ccc(CCCCCC)cc2)cc1
62,CCCCCCC1=CC=C(C2(C3=CC=C(CCCCCC)C=C3)C(C(SC(C(C=C(OC)C(/C=C(C#N)/C#N)=C4)=C4OC)=C5)=C5S6)=C6C7=CC8=C(C(SC9=C%10SC(C(C=C(OC)C(/C=C(C#N)/C#N)=C%11)=C%11OC)=C9)=C%10C8(C%12=CC=C(CCCCCC)C=C%12)C%13=CC=C(CCCCCC)C=C%13)C=C27)C=C1,CCCCCCc1ccc(C2(c3ccc(CCCCCC)cc3)c3cc4c(cc3-c3sc5cc(-c6cc(OC)c(C=C(C#N)C#N)cc6OC)sc5c32)C(c2ccc(CCCCCC)cc2)(c2ccc(CCCCCC)cc2)c2c-4sc3cc(-c4cc(OC)c(C=C(C#N)C#N)cc4OC)sc23)cc1
63,CCCCCCC1(C2=CC(C(SC(/C=C(C3=O)/C(C4=CC(Cl)=C(Cl)C=C34)=C(C#N)\C#N)=C5)=C5C6(CCCCCC)CCCCCC)=C6C=C2C7=C1C=C(/C=C(C8=O)/C(C9=CC(Cl)=C(Cl)C=C89)=C(C#N)\C#N)S7)CCCCCC,CCCCCCC1(CCCCCC)c2cc3c(cc2-c2sc(C=C4C(=O)c5cc(Cl)ccc5C4=C(C#N)C#N)cc21)C(CCCCCC)(CCCCCC)c1cc(C=C2C(=O)c4cc(Cl)ccc4C2=C(C#N)C#N)sc1-3